{
    "variables": [],
    "info": {
        "name": "IeltsTinder API",
        "_postman_id": "cc6e2c27-0150-4fc3-ba83-4017a13b4ae7",
        "description": "",
        "schema": "https:\/\/schema.getpostman.com\/json\/collection\/v2.0.0\/collection.json"
    },
    "item": [
        {
            "name": "general",
            "description": "",
            "item": [
                {
                    "name": "Get the index of a given version.",
                    "request": {
                        "url": {
                            "protocol": "http",
                            "host": "localhost\/ielts_tinder\/public\/",
                            "path": "docs\/search-index\/:version",
                            "query": []
                        },
                        "method": "GET",
                        "header": [
                            {
                                "key": "Content-Type",
                                "value": "application\/json"
                            },
                            {
                                "key": "Accept",
                                "value": "application\/json"
                            }
                        ],
                        "body": {
                            "mode": "raw",
                            "raw": "[]"
                        },
                        "description": "",
                        "response": []
                    }
                },
                {
                    "name": "docs\/styles\/{style}",
                    "request": {
                        "url": {
                            "protocol": "http",
                            "host": "localhost\/ielts_tinder\/public\/",
                            "path": "docs\/styles\/:style",
                            "query": []
                        },
                        "method": "GET",
                        "header": [
                            {
                                "key": "Content-Type",
                                "value": "application\/json"
                            },
                            {
                                "key": "Accept",
                                "value": "application\/json"
                            }
                        ],
                        "body": {
                            "mode": "raw",
                            "raw": "[]"
                        },
                        "description": "",
                        "response": []
                    }
                },
                {
                    "name": "docs\/scripts\/{script}",
                    "request": {
                        "url": {
                            "protocol": "http",
                            "host": "localhost\/ielts_tinder\/public\/",
                            "path": "docs\/scripts\/:script",
                            "query": []
                        },
                        "method": "GET",
                        "header": [
                            {
                                "key": "Content-Type",
                                "value": "application\/json"
                            },
                            {
                                "key": "Accept",
                                "value": "application\/json"
                            }
                        ],
                        "body": {
                            "mode": "raw",
                            "raw": "[]"
                        },
                        "description": "",
                        "response": []
                    }
                },
                {
                    "name": "Redirect the index page of docs to the default version.",
                    "request": {
                        "url": {
                            "protocol": "http",
                            "host": "localhost\/ielts_tinder\/public\/",
                            "path": "docs",
                            "query": []
                        },
                        "method": "GET",
                        "header": [
                            {
                                "key": "Content-Type",
                                "value": "application\/json"
                            },
                            {
                                "key": "Accept",
                                "value": "application\/json"
                            }
                        ],
                        "body": {
                            "mode": "raw",
                            "raw": "[]"
                        },
                        "description": "",
                        "response": []
                    }
                },
                {
                    "name": "Show a documentation page.",
                    "request": {
                        "url": {
                            "protocol": "http",
                            "host": "localhost\/ielts_tinder\/public\/",
                            "path": "docs\/:version\/:page",
                            "query": []
                        },
                        "method": "GET",
                        "header": [
                            {
                                "key": "Content-Type",
                                "value": "application\/json"
                            },
                            {
                                "key": "Accept",
                                "value": "application\/json"
                            }
                        ],
                        "body": {
                            "mode": "raw",
                            "raw": "[]"
                        },
                        "description": "",
                        "response": []
                    }
                },
                {
                    "name": "oauth2\/{integration}\/authorise",
                    "request": {
                        "url": {
                            "protocol": "http",
                            "host": "localhost\/ielts_tinder\/public\/",
                            "path": "oauth2\/:integration\/authorise",
                            "query": []
                        },
                        "method": "GET",
                        "header": [
                            {
                                "key": "Content-Type",
                                "value": "application\/json"
                            },
                            {
                                "key": "Accept",
                                "value": "application\/json"
                            }
                        ],
                        "body": {
                            "mode": "raw",
                            "raw": "[]"
                        },
                        "description": "",
                        "response": []
                    }
                },
                {
                    "name": "oauth2\/{integration}\/authorize",
                    "request": {
                        "url": {
                            "protocol": "http",
                            "host": "localhost\/ielts_tinder\/public\/",
                            "path": "oauth2\/:integration\/authorize",
                            "query": []
                        },
                        "method": "GET",
                        "header": [
                            {
                                "key": "Content-Type",
                                "value": "application\/json"
                            },
                            {
                                "key": "Accept",
                                "value": "application\/json"
                            }
                        ],
                        "body": {
                            "mode": "raw",
                            "raw": "[]"
                        },
                        "description": "",
                        "response": []
                    }
                },
                {
                    "name": "oauth2\/{integration}\/callback",
                    "request": {
                        "url": {
                            "protocol": "http",
                            "host": "localhost\/ielts_tinder\/public\/",
                            "path": "oauth2\/:integration\/callback",
                            "query": []
                        },
                        "method": "GET",
                        "header": [
                            {
                                "key": "Content-Type",
                                "value": "application\/json"
                            },
                            {
                                "key": "Accept",
                                "value": "application\/json"
                            }
                        ],
                        "body": {
                            "mode": "raw",
                            "raw": "[]"
                        },
                        "description": "",
                        "response": []
                    }
                },
                {
                    "name": "manifest.json",
                    "request": {
                        "url": {
                            "protocol": "http",
                            "host": "localhost\/ielts_tinder\/public\/",
                            "path": "manifest.json",
                            "query": []
                        },
                        "method": "GET",
                        "header": [
                            {
                                "key": "Content-Type",
                                "value": "application\/json"
                            },
                            {
                                "key": "Accept",
                                "value": "application\/json"
                            }
                        ],
                        "body": {
                            "mode": "raw",
                            "raw": "[]"
                        },
                        "description": "",
                        "response": []
                    }
                },
                {
                    "name": "offline",
                    "request": {
                        "url": {
                            "protocol": "http",
                            "host": "localhost\/ielts_tinder\/public\/",
                            "path": "offline",
                            "query": []
                        },
                        "method": "GET",
                        "header": [
                            {
                                "key": "Content-Type",
                                "value": "application\/json"
                            },
                            {
                                "key": "Accept",
                                "value": "application\/json"
                            }
                        ],
                        "body": {
                            "mode": "raw",
                            "raw": "[]"
                        },
                        "description": "",
                        "response": []
                    }
                },
                {
                    "name": "Show the application's login form.",
                    "request": {
                        "url": {
                            "protocol": "http",
                            "host": "localhost\/ielts_tinder\/public\/",
                            "path": "login",
                            "query": []
                        },
                        "method": "GET",
                        "header": [
                            {
                                "key": "Content-Type",
                                "value": "application\/json"
                            },
                            {
                                "key": "Accept",
                                "value": "application\/json"
                            }
                        ],
                        "body": {
                            "mode": "raw",
                            "raw": "[]"
                        },
                        "description": "",
                        "response": []
                    }
                },
                {
                    "name": "Handle a login request to the application.",
                    "request": {
                        "url": {
                            "protocol": "http",
                            "host": "localhost\/ielts_tinder\/public\/",
                            "path": "login",
                            "query": []
                        },
                        "method": "POST",
                        "header": [
                            {
                                "key": "Content-Type",
                                "value": "application\/json"
                            },
                            {
                                "key": "Accept",
                                "value": "application\/json"
                            }
                        ],
                        "body": {
                            "mode": "raw",
                            "raw": "[]"
                        },
                        "description": "",
                        "response": []
                    }
                },
                {
                    "name": "logout",
                    "request": {
                        "url": {
                            "protocol": "http",
                            "host": "localhost\/ielts_tinder\/public\/",
                            "path": "logout",
                            "query": []
                        },
                        "method": "POST",
                        "header": [
                            {
                                "key": "Content-Type",
                                "value": "application\/json"
                            },
                            {
                                "key": "Accept",
                                "value": "application\/json"
                            }
                        ],
                        "body": {
                            "mode": "raw",
                            "raw": "[]"
                        },
                        "description": "",
                        "response": []
                    }
                },
                {
                    "name": "Show the application registration form.",
                    "request": {
                        "url": {
                            "protocol": "http",
                            "host": "localhost\/ielts_tinder\/public\/",
                            "path": "register",
                            "query": []
                        },
                        "method": "GET",
                        "header": [
                            {
                                "key": "Content-Type",
                                "value": "application\/json"
                            },
                            {
                                "key": "Accept",
                                "value": "application\/json"
                            }
                        ],
                        "body": {
                            "mode": "raw",
                            "raw": "[]"
                        },
                        "description": "",
                        "response": []
                    }
                },
                {
                    "name": "Handle a registration request for the application.",
                    "request": {
                        "url": {
                            "protocol": "http",
                            "host": "localhost\/ielts_tinder\/public\/",
                            "path": "register",
                            "query": []
                        },
                        "method": "POST",
                        "header": [
                            {
                                "key": "Content-Type",
                                "value": "application\/json"
                            },
                            {
                                "key": "Accept",
                                "value": "application\/json"
                            }
                        ],
                        "body": {
                            "mode": "raw",
                            "raw": "[]"
                        },
                        "description": "",
                        "response": []
                    }
                },
                {
                    "name": "Display the form to request a password reset link.",
                    "request": {
                        "url": {
                            "protocol": "http",
                            "host": "localhost\/ielts_tinder\/public\/",
                            "path": "password\/reset",
                            "query": []
                        },
                        "method": "GET",
                        "header": [
                            {
                                "key": "Content-Type",
                                "value": "application\/json"
                            },
                            {
                                "key": "Accept",
                                "value": "application\/json"
                            }
                        ],
                        "body": {
                            "mode": "raw",
                            "raw": "[]"
                        },
                        "description": "",
                        "response": []
                    }
                },
                {
                    "name": "Send a reset link to the given user.",
                    "request": {
                        "url": {
                            "protocol": "http",
                            "host": "localhost\/ielts_tinder\/public\/",
                            "path": "password\/email",
                            "query": []
                        },
                        "method": "POST",
                        "header": [
                            {
                                "key": "Content-Type",
                                "value": "application\/json"
                            },
                            {
                                "key": "Accept",
                                "value": "application\/json"
                            }
                        ],
                        "body": {
                            "mode": "raw",
                            "raw": "[]"
                        },
                        "description": "",
                        "response": []
                    }
                },
                {
                    "name": "Display the password reset view for the given token.",
                    "request": {
                        "url": {
                            "protocol": "http",
                            "host": "localhost\/ielts_tinder\/public\/",
                            "path": "password\/reset\/:token",
                            "query": []
                        },
                        "method": "GET",
                        "header": [
                            {
                                "key": "Content-Type",
                                "value": "application\/json"
                            },
                            {
                                "key": "Accept",
                                "value": "application\/json"
                            }
                        ],
                        "body": {
                            "mode": "raw",
                            "raw": "[]"
                        },
                        "description": "If no token is present, display the link request form.",
                        "response": []
                    }
                },
                {
                    "name": "Reset the given user's password.",
                    "request": {
                        "url": {
                            "protocol": "http",
                            "host": "localhost\/ielts_tinder\/public\/",
                            "path": "password\/reset",
                            "query": []
                        },
                        "method": "POST",
                        "header": [
                            {
                                "key": "Content-Type",
                                "value": "application\/json"
                            },
                            {
                                "key": "Accept",
                                "value": "application\/json"
                            }
                        ],
                        "body": {
                            "mode": "raw",
                            "raw": "[]"
                        },
                        "description": "",
                        "response": []
                    }
                },
                {
                    "name": "Display the password confirmation view.",
                    "request": {
                        "url": {
                            "protocol": "http",
                            "host": "localhost\/ielts_tinder\/public\/",
                            "path": "password\/confirm",
                            "query": []
                        },
                        "method": "GET",
                        "header": [
                            {
                                "key": "Content-Type",
                                "value": "application\/json"
                            },
                            {
                                "key": "Accept",
                                "value": "application\/json"
                            }
                        ],
                        "body": {
                            "mode": "raw",
                            "raw": "[]"
                        },
                        "description": "",
                        "response": []
                    }
                },
                {
                    "name": "Confirm the given user's password.",
                    "request": {
                        "url": {
                            "protocol": "http",
                            "host": "localhost\/ielts_tinder\/public\/",
                            "path": "password\/confirm",
                            "query": []
                        },
                        "method": "POST",
                        "header": [
                            {
                                "key": "Content-Type",
                                "value": "application\/json"
                            },
                            {
                                "key": "Accept",
                                "value": "application\/json"
                            }
                        ],
                        "body": {
                            "mode": "raw",
                            "raw": "[]"
                        },
                        "description": "",
                        "response": []
                    }
                },
                {
                    "name": "user",
                    "request": {
                        "url": {
                            "protocol": "http",
                            "host": "localhost\/ielts_tinder\/public\/",
                            "path": "user",
                            "query": []
                        },
                        "method": "GET",
                        "header": [
                            {
                                "key": "Content-Type",
                                "value": "application\/json"
                            },
                            {
                                "key": "Accept",
                                "value": "application\/json"
                            }
                        ],
                        "body": {
                            "mode": "raw",
                            "raw": "[]"
                        },
                        "description": "",
                        "response": []
                    }
                },
                {
                    "name": "Display a listing of the resource.",
                    "request": {
                        "url": {
                            "protocol": "http",
                            "host": "localhost\/ielts_tinder\/public\/",
                            "path": "home",
                            "query": []
                        },
                        "method": "GET",
                        "header": [
                            {
                                "key": "Content-Type",
                                "value": "application\/json"
                            },
                            {
                                "key": "Accept",
                                "value": "application\/json"
                            }
                        ],
                        "body": {
                            "mode": "raw",
                            "raw": "[]"
                        },
                        "description": "",
                        "response": []
                    }
                },
                {
                    "name": "index",
                    "request": {
                        "url": {
                            "protocol": "http",
                            "host": "localhost\/ielts_tinder\/public\/",
                            "path": "index",
                            "query": []
                        },
                        "method": "GET",
                        "header": [
                            {
                                "key": "Content-Type",
                                "value": "application\/json"
                            },
                            {
                                "key": "Accept",
                                "value": "application\/json"
                            }
                        ],
                        "body": {
                            "mode": "raw",
                            "raw": "[]"
                        },
                        "description": "",
                        "response": []
                    }
                },
                {
                    "name": "about-yourself",
                    "request": {
                        "url": {
                            "protocol": "http",
                            "host": "localhost\/ielts_tinder\/public\/",
                            "path": "about-yourself",
                            "query": []
                        },
                        "method": "GET",
                        "header": [
                            {
                                "key": "Content-Type",
                                "value": "application\/json"
                            },
                            {
                                "key": "Accept",
                                "value": "application\/json"
                            }
                        ],
                        "body": {
                            "mode": "raw",
                            "raw": "[]"
                        },
                        "description": "",
                        "response": []
                    }
                },
                {
                    "name": "about-partner",
                    "request": {
                        "url": {
                            "protocol": "http",
                            "host": "localhost\/ielts_tinder\/public\/",
                            "path": "about-partner",
                            "query": []
                        },
                        "method": "GET",
                        "header": [
                            {
                                "key": "Content-Type",
                                "value": "application\/json"
                            },
                            {
                                "key": "Accept",
                                "value": "application\/json"
                            }
                        ],
                        "body": {
                            "mode": "raw",
                            "raw": "[]"
                        },
                        "description": "",
                        "response": []
                    }
                },
                {
                    "name": "get-started",
                    "request": {
                        "url": {
                            "protocol": "http",
                            "host": "localhost\/ielts_tinder\/public\/",
                            "path": "get-started",
                            "query": []
                        },
                        "method": "GET",
                        "header": [
                            {
                                "key": "Content-Type",
                                "value": "application\/json"
                            },
                            {
                                "key": "Accept",
                                "value": "application\/json"
                            }
                        ],
                        "body": {
                            "mode": "raw",
                            "raw": "[]"
                        },
                        "description": "",
                        "response": []
                    }
                },
                {
                    "name": "search",
                    "request": {
                        "url": {
                            "protocol": "http",
                            "host": "localhost\/ielts_tinder\/public\/",
                            "path": "search",
                            "query": []
                        },
                        "method": "GET",
                        "header": [
                            {
                                "key": "Content-Type",
                                "value": "application\/json"
                            },
                            {
                                "key": "Accept",
                                "value": "application\/json"
                            }
                        ],
                        "body": {
                            "mode": "raw",
                            "raw": "[]"
                        },
                        "description": "",
                        "response": []
                    }
                },
                {
                    "name": "Redirect the user to the GitHub authentication page.",
                    "request": {
                        "url": {
                            "protocol": "http",
                            "host": "localhost\/ielts_tinder\/public\/",
                            "path": "login\/:provider",
                            "query": []
                        },
                        "method": "GET",
                        "header": [
                            {
                                "key": "Content-Type",
                                "value": "application\/json"
                            },
                            {
                                "key": "Accept",
                                "value": "application\/json"
                            }
                        ],
                        "body": {
                            "mode": "raw",
                            "raw": "[]"
                        },
                        "description": "",
                        "response": []
                    }
                },
                {
                    "name": "Obtain the user information from GitHub.",
                    "request": {
                        "url": {
                            "protocol": "http",
                            "host": "localhost\/ielts_tinder\/public\/",
                            "path": "login\/:provider\/callback",
                            "query": []
                        },
                        "method": "GET",
                        "header": [
                            {
                                "key": "Content-Type",
                                "value": "application\/json"
                            },
                            {
                                "key": "Accept",
                                "value": "application\/json"
                            }
                        ],
                        "body": {
                            "mode": "raw",
                            "raw": "[]"
                        },
                        "description": "",
                        "response": []
                    }
                },
                {
                    "name": "Display a listing of the resource.",
                    "request": {
                        "url": {
                            "protocol": "http",
                            "host": "localhost\/ielts_tinder\/public\/",
                            "path": "feeds",
                            "query": []
                        },
                        "method": "GET",
                        "header": [
                            {
                                "key": "Content-Type",
                                "value": "application\/json"
                            },
                            {
                                "key": "Accept",
                                "value": "application\/json"
                            }
                        ],
                        "body": {
                            "mode": "raw",
                            "raw": "[]"
                        },
                        "description": "",
                        "response": []
                    }
                },
                {
                    "name": "Display a listing of the resource.",
                    "request": {
                        "url": {
                            "protocol": "http",
                            "host": "localhost\/ielts_tinder\/public\/",
                            "path": "feeds\/moment",
                            "query": []
                        },
                        "method": "GET",
                        "header": [
                            {
                                "key": "Content-Type",
                                "value": "application\/json"
                            },
                            {
                                "key": "Accept",
                                "value": "application\/json"
                            }
                        ],
                        "body": {
                            "mode": "raw",
                            "raw": "[]"
                        },
                        "description": "",
                        "response": []
                    }
                },
                {
                    "name": "Show the form for creating a new resource.",
                    "request": {
                        "url": {
                            "protocol": "http",
                            "host": "localhost\/ielts_tinder\/public\/",
                            "path": "feeds\/create",
                            "query": []
                        },
                        "method": "GET",
                        "header": [
                            {
                                "key": "Content-Type",
                                "value": "application\/json"
                            },
                            {
                                "key": "Accept",
                                "value": "application\/json"
                            }
                        ],
                        "body": {
                            "mode": "raw",
                            "raw": "[]"
                        },
                        "description": "",
                        "response": []
                    }
                },
                {
                    "name": "Display the specified resource.",
                    "request": {
                        "url": {
                            "protocol": "http",
                            "host": "localhost\/ielts_tinder\/public\/",
                            "path": "feeds\/:feed",
                            "query": []
                        },
                        "method": "GET",
                        "header": [
                            {
                                "key": "Content-Type",
                                "value": "application\/json"
                            },
                            {
                                "key": "Accept",
                                "value": "application\/json"
                            }
                        ],
                        "body": {
                            "mode": "raw",
                            "raw": "[]"
                        },
                        "description": "",
                        "response": []
                    }
                },
                {
                    "name": "Show the form for editing the specified resource.",
                    "request": {
                        "url": {
                            "protocol": "http",
                            "host": "localhost\/ielts_tinder\/public\/",
                            "path": "feeds\/:feed\/edit-content",
                            "query": []
                        },
                        "method": "GET",
                        "header": [
                            {
                                "key": "Content-Type",
                                "value": "application\/json"
                            },
                            {
                                "key": "Accept",
                                "value": "application\/json"
                            }
                        ],
                        "body": {
                            "mode": "raw",
                            "raw": "[]"
                        },
                        "description": "",
                        "response": []
                    }
                },
                {
                    "name": "Show the form for editing the specified resource.",
                    "request": {
                        "url": {
                            "protocol": "http",
                            "host": "localhost\/ielts_tinder\/public\/",
                            "path": "feeds\/:feed\/edit-media",
                            "query": []
                        },
                        "method": "GET",
                        "header": [
                            {
                                "key": "Content-Type",
                                "value": "application\/json"
                            },
                            {
                                "key": "Accept",
                                "value": "application\/json"
                            }
                        ],
                        "body": {
                            "mode": "raw",
                            "raw": "[]"
                        },
                        "description": "",
                        "response": []
                    }
                },
                {
                    "name": "Store a newly created resource in storage.",
                    "request": {
                        "url": {
                            "protocol": "http",
                            "host": "localhost\/ielts_tinder\/public\/",
                            "path": "feeds",
                            "query": []
                        },
                        "method": "POST",
                        "header": [
                            {
                                "key": "Content-Type",
                                "value": "application\/json"
                            },
                            {
                                "key": "Accept",
                                "value": "application\/json"
                            }
                        ],
                        "body": {
                            "mode": "raw",
                            "raw": "[]"
                        },
                        "description": "",
                        "response": []
                    }
                },
                {
                    "name": "feeds\/{feed}\/update-content",
                    "request": {
                        "url": {
                            "protocol": "http",
                            "host": "localhost\/ielts_tinder\/public\/",
                            "path": "feeds\/:feed\/update-content",
                            "query": []
                        },
                        "method": "PUT",
                        "header": [
                            {
                                "key": "Content-Type",
                                "value": "application\/json"
                            },
                            {
                                "key": "Accept",
                                "value": "application\/json"
                            }
                        ],
                        "body": {
                            "mode": "raw",
                            "raw": "[]"
                        },
                        "description": "",
                        "response": []
                    }
                },
                {
                    "name": "Update the specified resource in storage.",
                    "request": {
                        "url": {
                            "protocol": "http",
                            "host": "localhost\/ielts_tinder\/public\/",
                            "path": "feeds\/:feed\/update-media",
                            "query": []
                        },
                        "method": "PUT",
                        "header": [
                            {
                                "key": "Content-Type",
                                "value": "application\/json"
                            },
                            {
                                "key": "Accept",
                                "value": "application\/json"
                            }
                        ],
                        "body": {
                            "mode": "raw",
                            "raw": "[]"
                        },
                        "description": "",
                        "response": []
                    }
                },
                {
                    "name": "Display the specified resource.",
                    "request": {
                        "url": {
                            "protocol": "http",
                            "host": "localhost\/ielts_tinder\/public\/",
                            "path": "profile\/:user_id",
                            "query": []
                        },
                        "method": "GET",
                        "header": [
                            {
                                "key": "Content-Type",
                                "value": "application\/json"
                            },
                            {
                                "key": "Accept",
                                "value": "application\/json"
                            }
                        ],
                        "body": {
                            "mode": "raw",
                            "raw": "[]"
                        },
                        "description": "",
                        "response": []
                    }
                },
                {
                    "name": "Show the form for creating a new resource.",
                    "request": {
                        "url": {
                            "protocol": "http",
                            "host": "localhost\/ielts_tinder\/public\/",
                            "path": "profile\/create",
                            "query": []
                        },
                        "method": "GET",
                        "header": [
                            {
                                "key": "Content-Type",
                                "value": "application\/json"
                            },
                            {
                                "key": "Accept",
                                "value": "application\/json"
                            }
                        ],
                        "body": {
                            "mode": "raw",
                            "raw": "[]"
                        },
                        "description": "",
                        "response": []
                    }
                },
                {
                    "name": "Show the form for editing the specified resource.",
                    "request": {
                        "url": {
                            "protocol": "http",
                            "host": "localhost\/ielts_tinder\/public\/",
                            "path": "profile\/:profile\/edit",
                            "query": []
                        },
                        "method": "GET",
                        "header": [
                            {
                                "key": "Content-Type",
                                "value": "application\/json"
                            },
                            {
                                "key": "Accept",
                                "value": "application\/json"
                            }
                        ],
                        "body": {
                            "mode": "raw",
                            "raw": "[]"
                        },
                        "description": "",
                        "response": []
                    }
                },
                {
                    "name": "Store a newly created resource in storage.",
                    "request": {
                        "url": {
                            "protocol": "http",
                            "host": "localhost\/ielts_tinder\/public\/",
                            "path": "profile",
                            "query": []
                        },
                        "method": "POST",
                        "header": [
                            {
                                "key": "Content-Type",
                                "value": "application\/json"
                            },
                            {
                                "key": "Accept",
                                "value": "application\/json"
                            }
                        ],
                        "body": {
                            "mode": "raw",
                            "raw": "[]"
                        },
                        "description": "",
                        "response": []
                    }
                },
                {
                    "name": "Update the specified resource in storage.",
                    "request": {
                        "url": {
                            "protocol": "http",
                            "host": "localhost\/ielts_tinder\/public\/",
                            "path": "profile",
                            "query": []
                        },
                        "method": "PUT",
                        "header": [
                            {
                                "key": "Content-Type",
                                "value": "application\/json"
                            },
                            {
                                "key": "Accept",
                                "value": "application\/json"
                            }
                        ],
                        "body": {
                            "mode": "raw",
                            "raw": "[]"
                        },
                        "description": "",
                        "response": []
                    }
                },
                {
                    "name": "Display a listing of the resource.",
                    "request": {
                        "url": {
                            "protocol": "http",
                            "host": "localhost\/ielts_tinder\/public\/",
                            "path": "notify",
                            "query": []
                        },
                        "method": "GET",
                        "header": [
                            {
                                "key": "Content-Type",
                                "value": "application\/json"
                            },
                            {
                                "key": "Accept",
                                "value": "application\/json"
                            }
                        ],
                        "body": {
                            "mode": "raw",
                            "raw": "[]"
                        },
                        "description": "",
                        "response": []
                    }
                },
                {
                    "name": "Show the form for creating a new resource.",
                    "request": {
                        "url": {
                            "protocol": "http",
                            "host": "localhost\/ielts_tinder\/public\/",
                            "path": "notify\/create",
                            "query": []
                        },
                        "method": "GET",
                        "header": [
                            {
                                "key": "Content-Type",
                                "value": "application\/json"
                            },
                            {
                                "key": "Accept",
                                "value": "application\/json"
                            }
                        ],
                        "body": {
                            "mode": "raw",
                            "raw": "[]"
                        },
                        "description": "",
                        "response": []
                    }
                },
                {
                    "name": "Store a newly created resource in storage.",
                    "request": {
                        "url": {
                            "protocol": "http",
                            "host": "localhost\/ielts_tinder\/public\/",
                            "path": "notify",
                            "query": []
                        },
                        "method": "POST",
                        "header": [
                            {
                                "key": "Content-Type",
                                "value": "application\/json"
                            },
                            {
                                "key": "Accept",
                                "value": "application\/json"
                            }
                        ],
                        "body": {
                            "mode": "raw",
                            "raw": "[]"
                        },
                        "description": "",
                        "response": []
                    }
                },
                {
                    "name": "Display a listing of the resource.",
                    "request": {
                        "url": {
                            "protocol": "http",
                            "host": "localhost\/ielts_tinder\/public\/",
                            "path": "room",
                            "query": []
                        },
                        "method": "GET",
                        "header": [
                            {
                                "key": "Content-Type",
                                "value": "application\/json"
                            },
                            {
                                "key": "Accept",
                                "value": "application\/json"
                            }
                        ],
                        "body": {
                            "mode": "raw",
                            "raw": "[]"
                        },
                        "description": "",
                        "response": []
                    }
                },
                {
                    "name": "room\/join\/{room}",
                    "request": {
                        "url": {
                            "protocol": "http",
                            "host": "localhost\/ielts_tinder\/public\/",
                            "path": "room\/join\/:room",
                            "query": []
                        },
                        "method": "GET",
                        "header": [
                            {
                                "key": "Content-Type",
                                "value": "application\/json"
                            },
                            {
                                "key": "Accept",
                                "value": "application\/json"
                            }
                        ],
                        "body": {
                            "mode": "raw",
                            "raw": "[]"
                        },
                        "description": "",
                        "response": []
                    }
                },
                {
                    "name": "Show the form for creating a new resource.",
                    "request": {
                        "url": {
                            "protocol": "http",
                            "host": "localhost\/ielts_tinder\/public\/",
                            "path": "room\/create",
                            "query": []
                        },
                        "method": "POST",
                        "header": [
                            {
                                "key": "Content-Type",
                                "value": "application\/json"
                            },
                            {
                                "key": "Accept",
                                "value": "application\/json"
                            }
                        ],
                        "body": {
                            "mode": "raw",
                            "raw": "[]"
                        },
                        "description": "",
                        "response": []
                    }
                },
                {
                    "name": "room\/topic",
                    "request": {
                        "url": {
                            "protocol": "http",
                            "host": "localhost\/ielts_tinder\/public\/",
                            "path": "room\/topic",
                            "query": []
                        },
                        "method": "GET",
                        "header": [
                            {
                                "key": "Content-Type",
                                "value": "application\/json"
                            },
                            {
                                "key": "Accept",
                                "value": "application\/json"
                            }
                        ],
                        "body": {
                            "mode": "raw",
                            "raw": "[]"
                        },
                        "description": "",
                        "response": []
                    }
                },
                {
                    "name": "room\/matching",
                    "request": {
                        "url": {
                            "protocol": "http",
                            "host": "localhost\/ielts_tinder\/public\/",
                            "path": "room\/matching",
                            "query": []
                        },
                        "method": "GET",
                        "header": [
                            {
                                "key": "Content-Type",
                                "value": "application\/json"
                            },
                            {
                                "key": "Accept",
                                "value": "application\/json"
                            }
                        ],
                        "body": {
                            "mode": "raw",
                            "raw": "[]"
                        },
                        "description": "",
                        "response": []
                    }
                },
                {
                    "name": "Display a listing of the resource.",
                    "request": {
                        "url": {
                            "protocol": "http",
                            "host": "localhost\/ielts_tinder\/public\/",
                            "path": "record",
                            "query": []
                        },
                        "method": "GET",
                        "header": [
                            {
                                "key": "Content-Type",
                                "value": "application\/json"
                            },
                            {
                                "key": "Accept",
                                "value": "application\/json"
                            }
                        ],
                        "body": {
                            "mode": "raw",
                            "raw": "[]"
                        },
                        "description": "",
                        "response": []
                    }
                }
            ]
        }
    ]
}